,Rank,Country code,Name,Continental region,Plans measured,Average price of 1GB (local currency),Currency,Conversion rate (USD) (Frozen 23/03/2021),Average price of 1GB (USD),Cheapest 1GB (Local currency),Cheapest 1GB for 30 days (USD),Most expensive 1GB (Local currency),Most expensive 1GB (USD),Sample date,Average price of 1GB (USD – 2020),Average price of 1GB (USD – 2019),price_range_USD,continent,region,subregion,country,M49 code,ISO-alpha3 code,ISO-alpha2 code,Other groupings,country_name,country_code,gni_percap_cUSD,monthly_gni_pc_USD,2021 Average price of 1GB as share of GNI per capita %,2020 Average price of 1GB as share of GNI per capita %,2019 Average price of 1GB as share of GNI per capita %
0,1,IL,Israel,NEAR EAST,27,0.175,ILS,0.3036552,0.05313966,0.0599,0.018188946480000003,69.0,20.9522088,2021-02-08,0.11370954965999999,0.9012511854514287,20.934019853520002,Asia,Western Asia,Western Asia,Israel,376.0,ISR,IL,,Israel,ISR,43110.0,3592.5,0.001479183298538622,0.0031651927532359075,0.025087019775961828
1,2,KG,Kyrgyzstan,CIS (FORMER USSR),20,12.75,KGS,0.011792452,0.150353763,8.25,0.097287729,600.0,7.0754712,2021-02-10,0.20735228333333333,0.26911996873809524,6.978183471,Asia,Central Asia,Central Asia,Kyrgyzstan,417.0,KGZ,KG,LLDC,Kyrgyz Republic,KGZ,1240.0,103.33333333333333,0.14550364161290325,0.20066350000000002,0.26043867942396315
2,3,FJ,Fiji,OCEANIA,18,0.4,FJD,0.4840986,0.19363944,0.09375,0.04538424375,1.7475,0.8459623035,2021-02-04,0.588254212,3.5732325958333333,0.8005780597500001,Oceania,Melanesia,Melanesia,Fiji,242.0,FJI,FJ,SIDS,Fiji,FJI,5800.0,483.3333333333333,0.040063332413793104,0.12170776800000001,0.739289502586207
3,4,IT,Italy,WESTERN EUROPE,29,0.2245,EUR,1.18318,0.26562390999999996,0.07495,0.088679341,2.99,3.5377082,2021-02-09,0.4335439208333333,1.7253315102543285,3.449028859,Europe,Southern Europe,Southern Europe,Italy,380.0,ITA,IT,,Italy,ITA,34530.0,2877.5,0.009231065508253691,0.015066687083695338,0.05995939218955095
4,5,SD,Sudan,SUB-SAHARAN AFRICA,33,104.0,SDG,0.0026246719,0.2729658776,13.2,0.034645669080000004,350.25,0.9192913329750001,2021-02-18,0.6256780972,0.6758852756285715,0.8846456638950001,Africa,Northern Africa,Northern Africa,Sudan,729.0,SDN,SD,LDC,Sudan,SDN,590.0,49.166666666666664,0.5551848357966102,1.2725656214237289,1.3746819165326878
5,6,RU,Russian Federation,CIS (FORMER USSR),22,22.05766666666667,RUB,0.01314,0.28983774000000007,9.6916,0.127347624,141.8,1.8632520000000001,2021-02-18,0.5159666666666667,0.9127893210553597,1.7359043760000001,Europe,Eastern Europe,Eastern Europe,Russian Federation,643.0,RUS,RU,,Russian Federation,RUS,11260.0,938.3333333333334,0.03088856909413855,0.054987566607460035,0.0972777251568767
6,7,MD,Moldova,EASTERN EUROPE,18,5.75,MDL,0.055855,0.32116625,1.25,0.06981875,50.0,2.7927500000000003,2021-02-11,1.1209157142857145,2.8169938333333335,2.7229312500000002,Europe,Eastern Europe,Eastern Europe,Republic of Moldova,498.0,MDA,MD,LLDC,Moldova,MDA,4590.0,382.5,0.08396503267973855,0.29304985994397764,0.7364689760348584
7,8,BD,Bangladesh,ASIA (EX. NEAR EAST),60,29.21666666666667,BDT,0.01176469,0.34372502616666667,9.2,0.10823514799999999,189.0,2.22352641,2021-01-28,0.6996309688666666,0.9859368479279547,2.115291262,Asia,Southern Asia,Southern Asia,Bangladesh,50.0,BGD,BD,LDC,Bangladesh,BGD,1940.0,161.66666666666666,0.21261341824742272,0.4327614240412371,0.6098578440791472
8,9,LK,Sri Lanka,ASIA (EX. NEAR EAST),60,74.7451923076923,LKR,0.0050240223,0.3755215129716346,0.07058823529411765,0.0003546368682352941,1100.898,5.530936102025399,2021-02-11,0.5126660347875,0.7808941347457664,5.530581465157164,Asia,Southern Asia,Southern Asia,Sri Lanka,144.0,LKA,LK,,Sri Lanka,LKA,4020.0,335.0,0.11209597402138347,0.15303463725,0.233102726789781
9,10,CL,Chile,SOUTH AMERICA,59,283.1666666666667,CLP,0.0013900000000000002,0.39360166666666674,169.9,0.23616100000000004,1316.6666666666667,1.830166666666667,2021-02-01,0.7066227347826087,1.8733367999053485,1.5940056666666669,Americas,South America,South America,Chile,152.0,CHL,CL,,Chile,CHL,15010.0,1250.8333333333333,0.03146715522984678,0.05649215734437912,0.14976709925958814
10,11,FR,France,WESTERN EUROPE,45,0.34990000000000004,EUR,1.18318,0.413994682,0.07495,0.088679341,99.89999999999999,118.19968199999998,2021-02-05,0.8134712524999999,1.2136311912483682,118.11100265899998,Europe,Western Europe,Western Europe,France,250.0,FRA,FR,,France,FRA,42450.0,3537.5,0.011703029879858658,0.022995653780918723,0.03430759551232136
11,12,ID,Indonesia,ASIA (EX. NEAR EAST),53,6000.0,IDR,6.9213492e-05,0.41528095200000004,2500.0,0.17303373,42500.0,2.94157341,2021-02-08,0.6377222313,2.9880951457157443,2.76853968,Asia,South-eastern Asia,South-eastern Asia,Indonesia,360.0,IDN,ID,,Indonesia,IDN,4050.0,337.5,0.12304620800000002,0.18895473520000003,0.8853615246565169
12,13,BY,Belarus,CIS (FORMER USSR),14,0.9116666666666666,BYR,0.47,0.42848333333333327,0.05,0.0235,35.36,16.6192,2021-02-01,0.8935875,2.3564986778000003,16.5957,Europe,Eastern Europe,Eastern Europe,Belarus,112.0,BLR,BY,,Belarus,BLR,6290.0,524.1666666666666,0.0817456279809221,0.1704777424483307,0.44957049496979345
13,14,SM,San Marino,WESTERN EUROPE,2,0.3666666666666667,EUR,1.18318,0.43383266666666664,0.2,0.23663599999999999,0.5333333333333333,0.6310293333333332,2021-02-18,1.1573226666666665,6.860577565972223,0.39439333333333326,Europe,Southern Europe,Southern Europe,San Marino,674.0,SMR,SM,,San Marino,SMR,,,,,
14,15,VN,Vietnam,ASIA (EX. NEAR EAST),46,11388.888888888889,VND,4.31568e-05,0.491508,1666.6666666666667,0.071928,128571.42857142857,5.548731428571428,2021-02-24,0.5707341333333333,1.3070908644796122,5.476803428571428,Asia,South-eastern Asia,South-eastern Asia,Viet Nam,704.0,VNM,VN,,Vietnam,VNM,2590.0,215.83333333333334,0.22772571428571428,0.26443280308880307,0.6056019449326387
15,16,DZ,Algeria,NORTHERN AFRICA,20,68.33333333333334,DZD,0.007469664000000001,0.5104270400000002,20.833333333333332,0.155618,300.0,2.2408992000000003,2021-02-04,0.6492690833333333,5.150618501908164,2.0852812000000003,Africa,Northern Africa,Northern Africa,Algeria,12.0,DZA,DZ,,Algeria,DZA,4010.0,334.1666666666667,0.15274624638403994,0.19429498753117205,1.541332220022393
16,17,CN,China,ASIA (EX. NEAR EAST),36,3.3654761904761905,CNY,0.1533366,0.5160506764285714,1.9666666666666666,0.30156197999999995,7.9,1.21135914,2021-02-02,0.60711313,9.88961400245385,0.9097971599999999,Asia,Eastern Asia,Eastern Asia,China,156.0,CHN,CN,,China,CHN,10390.0,865.8333333333334,0.05960161806682249,0.07011893705486043,1.142207584499001
17,18,WS,Samoa,OCEANIA,42,1.5,WST,0.374015,0.5610225,0.5,0.1870075,18.333333333333332,6.856941666666666,2021-02-25,10.864789439814814,30.08882081803344,6.669934166666666,Oceania,Polynesia,Polynesia,Samoa,882.0,WSM,WS,SIDS,Samoa,WSM,4190.0,349.1666666666667,0.16067470167064438,3.1116342071068677,8.617323384639649
18,19,PK,Pakistan,ASIA (EX. NEAR EAST),60,91.704375,PKR,0.0063911490000000005,0.586096324576875,10.0,0.06391149,1343.3333333333335,8.585443490000001,2021-02-17,0.6928482416666667,1.8497322523370627,8.521532,Asia,Southern Asia,Southern Asia,Pakistan,586.0,PAK,PK,,Pakistan,PAK,1410.0,117.5,0.498805382618617,0.5896580780141845,1.5742402147549472
19,20,KZ,Kazakhstan,CIS (FORMER USSR),19,249.375,KZT,0.002368882,0.59073994875,107.27272727272727,0.25411643272727275,990.0,2.3451931800000003,2021-02-10,0.46400463799999997,0.4943763157619375,2.0910767472727274,Asia,Central Asia,Central Asia,Kazakhstan,398.0,KAZ,KZ,LLDC,Kazakhstan,KAZ,8820.0,735.0,0.08037278214285715,0.06312988272108842,0.06726208377713436
20,21,UZ,Uzbekistan,CIS (FORMER USSR),60,6300.0,UZS,9.50131e-05,0.59858253,100.0,0.00950131,250000.0,23.753275,2021-02-23,1.33569,3.2686281654551688,23.743773689999998,Asia,Central Asia,Central Asia,Uzbekistan,860.0,UZB,UZ,LLDC,Uzbekistan,UZB,1800.0,150.0,0.39905502,0.89046,2.179085443636779
21,22,SO,Somalia,SUB-SAHARAN AFRICA,27,0.6,USD,1.0,0.6,0.18181818181818182,0.18181818181818182,6.666666666666667,6.666666666666667,2021-02-19,0.5,6.19133597883598,6.484848484848485,Africa,Sub-Saharan Africa,Eastern Africa,Somalia,706.0,SOM,SO,LDC,Somalia,SOM,,,,,
22,23,MN,Mongolia,ASIA (EX. NEAR EAST),42,1633.3333333333335,MNT,0.00037,0.6043333333333334,600.0,0.222,10000.0,3.6999999999999997,2021-02-12,0.74,0.8201752136752136,3.4779999999999998,Asia,Eastern Asia,Eastern Asia,Mongolia,496.0,MNG,MN,LLDC,Mongolia,MNG,3790.0,315.8333333333333,0.19134564643799476,0.23430079155672823,0.2596860834855558
23,24,NP,Nepal,ASIA (EX. NEAR EAST),35,71.14285714285714,NPR,0.008631602,0.614076828,25.474,0.219881429348,308.33333333333337,2.661410616666667,2021-02-15,0.8588719110733334,2.245411413203286,2.4415291873186673,Asia,Southern Asia,Southern Asia,Nepal,524.0,NPL,NP,LDC LLDC,Nepal,NPL,1090.0,90.83333333333333,0.6760478840366972,0.9455470580623855,2.4720125649944436
24,25,TR,Turkey,NEAR EAST,60,5.035714285714286,TRY,0.1255509,0.6322384607142857,0.398,0.0499692582,18.0,2.2599161999999997,2021-02-22,0.7162705272916668,2.251585528794643,2.2099469417999997,Asia,Western Asia,Western Asia,Turkey,792.0,TUR,TR,,Turkey,TUR,9690.0,807.5,0.07829578460858026,0.08870223248194016,0.27883412121295886
25,26,PL,Poland,EASTERN EUROPE,60,2.5,PLN,0.2558215,0.6395537499999999,0.125,0.0319776875,90.0,23.023934999999998,2021-02-17,0.69576974,1.3179038277972706,22.9919573125,Europe,Eastern Europe,Eastern Europe,Poland,616.0,POL,PL,,Poland,POL,15350.0,1279.1666666666667,0.04999768729641693,0.05439242267100977,0.1030283122707964
26,27,GH,Ghana,SUB-SAHARAN AFRICA,34,3.8181818181818183,GHS,0.17366669999999998,0.6630910363636363,1.0,0.17366669999999998,20.0,3.4733339999999995,2021-02-05,0.9372645000000002,1.5579088596421675,3.2996672999999994,Africa,Sub-Saharan Africa,Western Africa,Ghana,288.0,GHA,GH,,Ghana,GHA,2220.0,185.0,0.3584275872235872,0.5066294594594596,0.8421128971038744
27,28,IN,India,ASIA (EX. NEAR EAST),58,49.294117647058826,INR,0.013774616000000002,0.6790075416470589,3.286301369863014,0.045267539430137,198.0,2.727373968,2021-02-09,0.08740948879999999,0.25896515329588615,2.6821064285698633,Asia,Southern Asia,Southern Asia,India,356.0,IND,IN,,India,IND,2120.0,176.66666666666666,0.38434389149833526,0.049477069132075474,0.14658404903540725
28,29,AU,Australia,OCEANIA,46,0.9136842105263158,AUD,0.762475,0.6966613684210526,0.13,0.09912175000000001,10.0,7.624750000000001,2021-01-27,0.678153,2.473626824107656,7.5256282500000005,Oceania,Australia and New Zealand,Australia and New Zealand,Australia,36.0,AUS,AU,,Australia,AUS,55100.0,4591.666666666667,0.015172298404814212,0.014769212341197822,0.05387209054317944
29,30,LY,Libya,NORTHERN AFRICA,16,3.333333333333333,LYD,0.2215101,0.7383669999999999,0.01,0.002215101,10.0,2.2151009999999998,2021-02-23,4.7309980000000005,4.870197538461539,2.2128858989999998,Africa,Northern Africa,Northern Africa,Libya,434.0,LBY,LY,,Libya,LBY,7640.0,636.6666666666666,0.11597387434554973,0.7430886910994766,0.7649524929520742
30,31,UA,Ukraine,CIS (FORMER USSR),19,20.833333333333332,UAH,0.03588224,0.7475466666666667,4.0,0.14352896,1000.0,35.88224,2021-02-23,0.46219637500000005,5.930379297709374,35.738711040000005,Europe,Eastern Europe,Eastern Europe,Ukraine,804.0,UKR,UA,,Ukraine,UKR,3370.0,280.8333333333333,0.26618872403560834,0.1645803115727003,2.111707761795623
31,32,TZ,Tanzania,SUB-SAHARAN AFRICA,60,1742.4242424242425,TZS,0.00043122034999999996,0.7513687916666666,652.1739130434783,0.2812306630434782,10000.0,4.3122035,2021-02-23,0.7331967142857142,3.713330717616537,4.030972836956522,Africa,Sub-Saharan Africa,Eastern Africa,United Republic of Tanzania,834.0,TZA,TZ,LDC,Tanzania,TZA,1080.0,90.0,0.8348542129629629,0.8146630158730158,4.12592301957393
32,33,MU,Mauritius,SUB-SAHARAN AFRICA,18,30.333333333333336,MUR,0.02482918,0.7531517933333334,1.4466666666666668,0.03591954706666667,261.53846153846155,6.493785538461538,2021-02-12,2.4849923202,0.5146112518992063,6.457865991394872,Africa,Sub-Saharan Africa,Eastern Africa,Mauritius,480.0,MUS,MU,SIDS,Mauritius,MUS,12900.0,1075.0,0.07006063193798451,0.2311620762976744,0.04787081413015873
33,35,AM,Armenia,CIS (FORMER USSR),21,366.6666666666667,AMD,0.0020827330000000002,0.7636687666666668,105.63380281690141,0.22000700704225354,6250.0,13.017081250000002,2021-01-27,1.049314,2.5110546238055558,12.797074242957748,Asia,Western Asia,Western Asia,Armenia,51.0,ARM,AM,LLDC,Armenia,ARM,4680.0,390.0,0.19581250427350433,0.2690548717948718,0.6438601599501426
34,36,MM,Myanmar,ASIA (EX. NEAR EAST),35,1102.0,MMK,0.0007074016000000001,0.7795565632000001,1.0513157894736842,0.0007437024715789474,20000.0,14.148032,2021-02-12,0.7792205519337017,0.8706434578830234,14.147288297528421,Asia,South-eastern Asia,South-eastern Asia,Myanmar,104.0,MMR,MM,LDC,Myanmar,MMR,1390.0,115.83333333333333,0.6729984718273382,0.6727083901585914,0.7516346398990131
35,37,DK,Denmark,WESTERN EUROPE,34,4.95,DKK,0.1591252,0.78766974,0.0229,0.00364396708,14.0,2.2277527999999998,2021-02-03,0.7962572493333334,1.3608564595238095,2.22410883292,Europe,Northern Europe,Channel Islands,Denmark,208.0,DNK,DK,,Denmark,DNK,63950.0,5329.166666666667,0.014780354777169663,0.014941496469116498,0.025536008622807995
36,38,KW,Kuwait,NEAR EAST,42,0.24376237623762376,KWD,3.309151,0.8066465110891089,0.004495504495504496,0.014876303196803197,1.9,6.2873869,2021-02-11,0.7729704,2.0121437129629625,6.272510596803197,Asia,Western Asia,Western Asia,Kuwait,414.0,KWT,KW,,Kuwait,KWT,,,,,
37,40,KH,Cambodia,ASIA (EX. NEAR EAST),23,0.8333333333333334,USD,1.0,0.8333333333333334,0.1,0.1,2.0,2.0,2021-02-10,1.5,10.1842898638125,1.9,Asia,South-eastern Asia,South-eastern Asia,Cambodia,116.0,KHM,KH,LDC,Cambodia,KHM,1530.0,127.5,0.6535947712418301,1.1764705882352942,7.987678324558824
38,41,BT,Bhutan,ASIA (EX. NEAR EAST),42,60.41162227602906,BTN,0.01381028,0.8343014188861986,23.998199009455202,0.33142184781629896,76.92307692307692,1.0623292307692307,2021-01-29,1.1570686160627506,1.4876290330947195,0.7309073829529318,Asia,Southern Asia,Southern Asia,Bhutan,64.0,BTN,BT,LDC LLDC,Bhutan,BTN,3140.0,261.6666666666667,0.3188413065807128,0.4421918277946817,0.5685206495903385
39,42,HT,Haiti,CARIBBEAN,13,66.66666666666667,HTG,0.012677830000000001,0.8451886666666668,21.666666666666668,0.2746863166666667,150.0,1.9016745000000002,2021-02-08,2.7356773333333337,1.251203386898152,1.6269881833333335,Americas,Latin America and the Caribbean,Caribbean,Haiti,332.0,HTI,HT,LDC SIDS,Haiti,HTI,1330.0,110.83333333333333,0.762576240601504,2.4682803007518803,1.1289053114870546
40,43,NG,Nigeria,SUB-SAHARAN AFRICA,60,333.3333333333333,NGN,0.0026263952,0.8754650666666667,11.11111111111111,0.02918216888888889,2000.0,5.2527904,2021-02-15,1.38696255,7.914322404664202,5.223608231111111,Africa,Sub-Saharan Africa,Western Africa,Nigeria,566.0,NGA,NG,,Nigeria,NGA,2030.0,169.16666666666666,0.5175162955665025,0.8198793399014779,4.678417185023174
41,45,MA,Morocco,NORTHERN AFRICA,24,7.96,MAD,0.11107099999999999,0.8841251599999999,3.96,0.43984115999999995,49.5,5.498014499999999,2021-02-11,0.98512834,1.6574289507452706,5.058173339999999,Africa,Northern Africa,Northern Africa,Morocco,504.0,MAR,MA,,Morocco,MAR,3190.0,265.8333333333333,0.33258626708463945,0.3705811937304076,0.6234842447944592
42,46,MY,Malaysia,ASIA (EX. NEAR EAST),60,3.6550000000000002,MYR,0.2421602,0.885095531,0.49,0.11865849799999999,30.0,7.264806,2021-02-15,1.1233876354166668,1.6574289507452706,7.146147502,Asia,South-eastern Asia,South-eastern Asia,Malaysia,458.0,MYS,MY,,Malaysia,MYS,11230.0,935.8333333333334,0.0945783292252894,0.1200414214158504,0.1771072787973575
43,48,CM,Cameroon,SUB-SAHARAN AFRICA,44,500.0,XAF,0.001806246,0.903123,333.3333333333333,0.602082,4000.0,7.224984,2021-02-01,2.74919,1.7133930555555554,6.622902,Africa,Sub-Saharan Africa,Middle Africa,Cameroon,120.0,CMR,CM,,Cameroon,CMR,1500.0,125.0,0.7224984,2.1993519999999998,1.3707144444444443
44,49,BR,Brazil,SOUTH AMERICA,58,5.0999,BRL,0.18108069999999998,0.9234934619299999,0.9998999999999999,0.18106259192999996,15.0,2.7162105,2021-01-31,1.009450778331818,3.496360425783901,2.53514790807,Americas,South America,South America,Brazil,76.0,BRA,BR,,Brazil,BRA,9130.0,760.8333333333334,0.12137920638729462,0.1326769916755949,0.45954353898583583
45,50,SN,Senegal,SUB-SAHARAN AFRICA,35,520.0,XOF,0.001806246,0.93924792,166.66666666666666,0.301041,3333.3333333333335,6.0208200000000005,2021-02-19,3.299028,3.2825493642630383,5.719779000000001,Africa,Sub-Saharan Africa,Western Africa,Senegal,686.0,SEN,SN,LDC,Senegal,SEN,1460.0,121.66666666666667,0.7719845917808219,2.7115298630136984,2.697985778846333
46,51,NI,Nicaragua,CENTRAL AMERICA,30,33.33,NIO,0.02824,0.94,0.76,0.02,100.0,2.82,2021-02-17,1.7142857142857142,65.825491875,2.8,Americas,Central America,Central America,Nicaragua,558.0,NIC,NI,,Nicaragua,NIC,1890.0,157.5,0.5968253968253968,1.0884353741496597,41.7939630952381
47,52,MK,Macedonia,EASTERN EUROPE,18,49.925,MKD,0.01923456,0.9602854080000001,25.0,0.480864,499.0,9.59804544,2021-02-12,1.75488819,3.6166884628378386,9.11718144,Europe,Southern Europe,Southern Europe,North Macedonia,807.0,MKD,MK,LLDC,North Macedonia,MKD,5840.0,486.6666666666667,0.1973189194520548,0.3605934636986301,0.7431551635968161
48,53,FI,Finland,WESTERN EUROPE,18,0.8236914600550964,EUR,1.18318,0.9745752617079889,0.2176308539944904,0.2574964738292011,1.3746556473829201,1.6264650688705233,2021-02-05,2.1428552499999998,1.161177865384615,1.3689685950413222,Europe,Northern Europe,Northern Europe,Finland,246.0,FIN,FI,,Finland,FIN,50010.0,4167.5,0.023385129255140708,0.05141824235152969,0.027862696229984763
49,54,AF,Afghanistan,ASIA (EX. NEAR EAST),35,79.95,AFN,0.012735946000000001,1.0182388827000002,29.98,0.38182366108000004,166.66666666666666,2.122657666666667,2021-01-26,1.5514205724,1.5985078288310763,1.740834005586667,Asia,Southern Asia,Southern Asia,Afghanistan,4.0,AFG,AF,LDC LLDC,Afghanistan,AFG,530.0,44.166666666666664,2.305446526867925,3.5126503526037736,3.6192630086741353
50,55,EG,Egypt,NORTHERN AFRICA,40,16.36904761904762,EGP,0.06344497,1.0385337351190478,0.3,0.019033491,37.5,2.379186375,2021-02-05,1.08578124,1.49293765513565,2.360152884,Africa,Northern Africa,Northern Africa,Egypt,818.0,EGY,EG,,"Egypt, Arab Rep.",EGY,2690.0,224.16666666666666,0.46328642458842284,0.48436337843866173,0.665994492997316
51,56,EC,Ecuador,SOUTH AMERICA,19,1.06,USD,1.0,1.06,0.629875,0.629875,3.0,3.0,2021-02-03,3.241041666666667,6.925711904440166,2.370125,Americas,South America,South America,Ecuador,218.0,ECU,EC,,Ecuador,ECU,6090.0,507.5,0.20886699507389164,0.6386288998357964,1.364672296441412
52,57,TH,Thailand,ASIA (EX. NEAR EAST),60,32.97383333333333,THB,0.032243502,1.063191861031,10.688111111111112,0.3446221319873334,319.93,10.31566359486,2021-02-22,1.234552138685,2.7755355191616853,9.971041462872666,Asia,South-eastern Asia,South-eastern Asia,Thailand,764.0,THA,TH,,Thailand,THA,7260.0,605.0,0.1757341919059504,0.2040582047413223,0.4587662015143282
53,58,MC,Monaco,WESTERN EUROPE,3,0.9165833333333333,EUR,1.18318,1.0844830683333333,0.7141428571428572,0.8449595457142857,1.9995,2.36576841,2021-02-11,0.9763825009999998,1.205815804,1.5208088642857143,Europe,Western Europe,Western Europe,Monaco,492.0,MCO,MC,,Monaco,MCO,,,,,
54,59,TN,Tunisia,NORTHERN AFRICA,25,3.0,TND,0.3632409,1.0897226999999998,0.9090909090909091,0.330219,10.0,3.632409,2021-02-23,1.3724492,3.6737529158952906,3.30219,Africa,Northern Africa,Northern Africa,Tunisia,788.0,TUN,TN,,Tunisia,TUN,3370.0,280.8333333333333,0.3880318219584569,0.48870594658753713,1.3081612756897179
55,60,SG,Singapore,ASIA (EX. NEAR EAST),35,1.4666666666666666,SGD,0.743165,1.0899753333333333,0.3333333333333333,0.24772166666666665,100.0,74.31649999999999,2021-02-18,2.46632575,2.866208082031707,74.06877833333333,Asia,South-eastern Asia,South-eastern Asia,Singapore,702.0,SGP,SG,SIDS,Singapore,SGP,59590.0,4965.833333333333,0.02194949488169156,0.04966589864071154,0.05771857188182662
56,61,DJ,Djibouti,SUB-SAHARAN AFRICA,7,200.0,DJF,0.0056017199000000005,1.1203439800000001,83.33333333333333,0.4668099916666667,5000.0,28.008599500000003,2021-02-03,1.124,37.924825438,27.541789508333334,Africa,Sub-Saharan Africa,Eastern Africa,Djibouti,262.0,DJI,DJ,LDC,Djibouti,DJI,3310.0,275.8333333333333,0.4061670018126889,0.4074924471299094,13.749181427673719
57,62,ZM,Zambia,SUB-SAHARAN AFRICA,60,16.666666666666668,ZMW,0.068,1.1333333333333335,0.14285714285714285,0.009714285714285715,100.0,6.800000000000001,2021-02-25,1.36,2.2460347588092855,6.790285714285715,Africa,Sub-Saharan Africa,Eastern Africa,Zambia,894.0,ZMB,ZM,LDC LLDC,Zambia,ZMB,1430.0,119.16666666666667,0.9510489510489513,1.1412587412587412,1.884784412986813
58,63,IQ,Iraq,NEAR EAST,33,1666.6666666666667,IQD,0.0006837353,1.1395588333333333,1000.0,0.6837352999999999,40000.0,27.349411999999997,2021-02-09,4.2041,7.998892910059524,26.6656767,Asia,Western Asia,Western Asia,Iraq,368.0,IRQ,IQ,,Iraq,IRQ,5740.0,478.3333333333333,0.23823529616724737,0.8789059233449479,1.6722424202215032
59,64,PE,Peru,SOUTH AMERICA,49,4.295,PEN,0.2686404,1.153810518,3.165,0.850246866,58.0,15.5811432,2021-02-17,2.1282383566666665,2.4752976679785066,14.730896334,Americas,South America,South America,Peru,604.0,PER,PE,,Peru,PER,6740.0,561.6666666666666,0.20542620498516323,0.3789148409495549,0.4407058162573009
60,65,AT,Austria,WESTERN EUROPE,60,0.99,EUR,1.18318,1.1713482,0.19866666666666666,0.23505842666666663,19.799999999999997,23.426963999999995,2021-01-27,1.0842666733333333,1.8849312459556458,23.19190557333333,Europe,Western Europe,Western Europe,Austria,40.0,AUT,AT,,Austria,AUT,51460.0,4288.333333333333,0.027314765643218032,0.025284104314030314,0.04395486776422027
61,66,RO,Romania,EASTERN EUROPE,16,1.0,EUR,1.18318,1.18318,0.09230769230769231,0.10921661538461538,10.0,11.8318,2021-02-18,1.0307404999999998,1.890459976535088,11.722583384615383,Europe,Eastern Europe,Eastern Europe,Romania,642.0,ROU,RO,,Romania,ROU,12630.0,1052.5,0.11241615201900237,0.0979325890736342,0.17961614978955706
62,67,IS,Iceland,WESTERN EUROPE,20,155.75,ISK,0.0078932828,1.2293787961,20.38,0.160865103464,2190.0,17.286289332,2021-02-09,1.4591661030000003,3.781503321314782,17.125424228535998,Europe,Northern Europe,Northern Europe,Iceland,352.0,ISL,IS,,Iceland,ISL,72850.0,6070.833333333333,0.02025057728647907,0.024035680488675364,0.06228969094821879
63,68,ES,Spain,WESTERN EUROPE,44,1.05,EUR,1.18318,1.2423389999999999,0.4857142857142857,0.5746874285714285,49.0,57.97581999999999,2021-02-04,1.8083166666666666,0.5606380746203085,57.40113257142856,Europe,Southern Europe,Southern Europe,Spain,724.0,ESP,ES,,Spain,ESP,30390.0,2532.5,0.04905583415597235,0.07140440934517933,0.02213773246279599
64,69,RW,Rwanda,SUB-SAHARAN AFRICA,47,1133.3333333333335,RWF,0.0011,1.2466666666666668,315.7894736842105,0.3473684210526316,21000.0,23.1,2021-02-18,1.4813333333333332,3.791816282574266,22.75263157894737,Africa,Sub-Saharan Africa,Eastern Africa,Rwanda,646.0,RWA,RW,LDC LLDC,Rwanda,RWA,830.0,69.16666666666667,1.802409638554217,2.1416867469879515,5.482144022998939
65,70,TO,Tonga,OCEANIA,2,2.916666666666667,TOP,0.43784999999999996,1.2770625,2.5,1.094625,3.3333333333333335,1.4595,2021-02-22,3.4061839615384613,2.915523037017035,0.36487500000000006,Oceania,Polynesia,Polynesia,Tonga,776.0,TON,TO,SIDS,Tonga,TON,5000.0,416.6666666666667,0.30649499999999996,0.8174841507692308,0.6997255288840883
66,71,NE,Niger,SUB-SAHARAN AFRICA,22,709.5999999999999,XOF,0.001806246,1.2817121615999998,258.03636363636366,0.46607714967272734,6666.666666666667,12.041640000000001,2021-02-15,3.299028,25.51867632125,11.575562850327273,Africa,Sub-Saharan Africa,Western Africa,Niger,562.0,NER,NE,LDC LLDC,Niger,NER,600.0,50.0,2.5634243231999996,6.598056,51.0373526425
67,72,RS,Serbia,EASTERN EUROPE,38,129.13333333333333,RSD,0.01007909,1.3015464886666668,16.666666666666668,0.16798483333333336,1398.0,14.09056782,2021-02-18,1.6036459622233332,4.830529665965958,13.922582986666667,Europe,Southern Europe,Southern Europe,Serbia,688.0,SRB,RS,,Serbia,SRB,7030.0,585.8333333333334,0.22217009763869133,0.27373757534395443,0.824556984233165
68,74,SV,El Salvador,CENTRAL AMERICA,25,1.3333333333333333,USD,1.0,1.3333333333333333,0.5,0.5,7.5,7.5,2021-02-19,1.45,4.550329394473839,7.0,Americas,Central America,Central America,El Salvador,222.0,SLV,SV,,El Salvador,SLV,4000.0,333.3333333333333,0.4,0.43499999999999994,1.365098818342152
69,75,LT,Lithuania,BALTICS,23,1.1666666666666667,EUR,1.18318,1.3803766666666666,0.0795,0.09406281,15.0,17.7477,2021-02-11,1.8526204249999998,2.062691926704545,17.653637189999998,Europe,Northern Europe,Northern Europe,Lithuania,440.0,LTU,LT,,Lithuania,LTU,19080.0,1590.0,0.08681614255765199,0.1165170078616352,0.12972905199399654
70,76,EE,Estonia,BALTICS,34,1.1749999999999998,EUR,1.18318,1.3902364999999997,0.2998,0.354717364,16.0,18.93088,2021-02-03,1.2748632499999997,3.667501281333333,18.576162636,Europe,Northern Europe,Northern Europe,Estonia,233.0,EST,EE,,Estonia,EST,23260.0,1938.3333333333333,0.07172329320722269,0.06577110490111779,0.18920900849527084
71,77,JO,Jordan,NEAR EAST,42,1.0,JOD,1.410853,1.410853,0.16666666666666666,0.23514216666666665,5.0,7.054264999999999,2021-02-10,1.0343204666666665,1.7944329759751596,6.819122833333332,Asia,Western Asia,Western Asia,Jordan,400.0,JOR,JO,,Jordan,JOR,4410.0,367.5,0.3839055782312925,0.281447746031746,0.48828108189800257
72,78,GB,United Kingdom,WESTERN EUROPE,60,1.0333333333333332,GBP,1.371036,1.4167371999999998,0.08333333333333333,0.114253,52.0,71.293872,2021-02-05,1.3925072,6.659295092592592,71.17961899999999,Europe,Northern Europe,Northern Europe,United Kingdom of Great Britain and Northern Ireland,826.0,GBR,GB,,United Kingdom,GBR,42220.0,3518.3333333333335,0.040267281856939834,0.03957860350544765,0.1892741381125322
73,79,IE,Ireland,WESTERN EUROPE,12,1.1985000000000001,EUR,1.18318,1.41804123,0.1099,0.13003148199999998,9.84,11.642491199999998,2021-02-08,1.3562374999999998,3.9499543972896816,11.512459717999999,Europe,Northern Europe,Northern Europe,Ireland,372.0,IRL,IE,,Ireland,IRL,64000.0,5333.333333333333,0.0265882730625,0.025429453124999994,0.07406164494918153
74,80,SE,Sweden,WESTERN EUROPE,58,12.441666666666666,SEK,0.1163997,1.4482062674999998,1.74,0.202535478,645.0,75.0778065,2021-02-18,2.0681799939,3.655543968052135,74.87527102199999,Europe,Northern Europe,Northern Europe,Sweden,752.0,SWE,SE,,Sweden,SWE,55780.0,4648.333333333333,0.031155387612047326,0.044492936405163136,0.07864203588495093
75,82,SA,Saudi Arabia,NEAR EAST,60,5.509166666666667,SAR,0.2666197,1.4688523639166668,1.25,0.33327462500000005,50.0,13.330985,2021-02-18,2.117497708,5.622777218724489,12.997710375,Asia,Western Asia,Western Asia,Saudi Arabia,682.0,SAU,SA,,Saudi Arabia,SAU,22840.0,1903.3333333333333,0.0771726285770578,0.11125206872154116,0.2954173670082919
76,83,UY,Uruguay,SOUTH AMERICA,35,66.66666666666667,UYU,0.022605,1.5070000000000001,4.4222222222222225,0.09996433333333334,280.0,6.3294,2021-02-24,1.5788050595238095,2.7961820829438633,6.229435666666666,Americas,South America,South America,Uruguay,858.0,URY,UY,,Uruguay,URY,16230.0,1352.5,0.11142329020332718,0.1167323519056421,0.2067417436557385
77,84,DO,Dominican Republic,CARIBBEAN,22,86.52321428571429,DOP,0.01750148,1.514284304357143,18.712,0.32748769376,1038.0,18.16653624,2021-02-03,0.7394467313333333,1.2791250619685184,17.83904854624,Americas,Latin America and the Caribbean,Caribbean,Dominican Republic,214.0,DOM,DO,SIDS,Dominican Republic,DOM,8080.0,673.3333333333334,0.22489370856789254,0.1098188214851485,0.1899690686091859
78,85,IR,Iran,ASIA (EX. NEAR EAST),52,64037.5,IRR,2.3750148e-05,1.52090010255,9374.0,0.222633887352,261600.0,6.2130387168,2021-02-09,0.7544404156114286,1.8764898680219049,5.990404829448,Asia,Southern Asia,Southern Asia,Iran (Islamic Republic of),364.0,IRN,IR,,"Iran, Islamic Rep.",IRN,,,,,
79,86,UG,Uganda,SUB-SAHARAN AFRICA,60,5732.142857142857,UGX,0.0002725093,1.5620622374999997,1666.6666666666667,0.45418216666666666,83333.33333333334,22.709108333333333,2021-02-23,1.6150798125,5.021563740079366,22.254926166666667,Africa,Sub-Saharan Africa,Eastern Africa,Uganda,800.0,UGA,UG,LDC LLDC,Uganda,UGA,780.0,65.0,2.4031726730769227,2.484738173076923,7.7254826770451785
80,87,HN,Honduras,CENTRAL AMERICA,22,1.5621041666666666,USD,1.0,1.5621041666666666,0.6886666666666666,0.6886666666666666,50.0,50.0,2021-02-08,3.12375,4.694344946321167,49.31133333333333,Americas,Central America,Central America,Honduras,340.0,HND,HN,,Honduras,HND,2390.0,199.16666666666666,0.7843200836820083,1.5684100418410043,2.3569932784876158
81,89,AO,Angola,SUB-SAHARAN AFRICA,20,1000.0,AOA,0.0016051364,1.6051364,640.0,1.027287296,2000.0,3.2102728,2021-01-26,5.2946469,7.94918875,2.182985504,Africa,Sub-Saharan Africa,Middle Africa,Angola,24.0,AGO,AO,LDC,Angola,AGO,2960.0,246.66666666666666,0.650730972972973,2.1464784729729733,3.2226440878378377
82,90,PW,Palau,OCEANIA,6,1.6666666666666665,USD,1.0,1.6666666666666665,1.0,1.0,2.5,2.5,2021-02-17,2.5,8.339285714285714,1.5,Oceania,Micronesia,Micronesia,Palau,585.0,PLW,PW,SIDS,Palau,PLW,16490.0,1374.1666666666667,0.12128562765312309,0.18192844147968465,0.6068613012215195
83,91,TL,Timor-Leste,ASIA (EX. NEAR EAST),15,1.6666666666666667,USD,1.0,1.6666666666666667,0.8333333333333334,0.8333333333333334,2.5,2.5,2021-02-23,2.0833333333333335,4.482785547785547,1.6666666666666665,Asia,South-eastern Asia,South-eastern Asia,Timor-Leste,626.0,TLS,TL,LDC SIDS,Timor-Leste,TLS,2020.0,168.33333333333334,0.9900990099009901,1.2376237623762376,2.663040919476563
84,92,HU,Hungary,EASTERN EUROPE,21,525.0,HUF,0.0032420390000000004,1.7020704750000002,50.6,0.16404717340000002,2479.0,8.037014681,2021-02-08,5.32113049,2.9077933249999997,7.8729675076,Europe,Eastern Europe,Eastern Europe,Hungary,348.0,HUN,HU,,Hungary,HUN,16500.0,1375.0,0.12378694363636365,0.3869913083636363,0.21147587818181815
85,93,PS,"Palestine, State of",NEAR EAST,17,5.625,ILS,0.3036552,1.7080605,1.5,0.4554828,12.0,3.6438624,2021-02-17,3.2559689345000002,6.561716385379629,3.1883796,Asia,Western Asia,Western Asia,State of Palestine,275.0,PSE,PS,,West Bank and Gaza,PSE,,,,,
86,94,ET,Ethiopia,SUB-SAHARAN AFRICA,3,68.75,ETB,0.024875621,1.71019894375,56.875,1.414800944375,167.75,4.17288542275,2021-02-04,2.4406784999999998,2.0638418414018966,2.7580844783750003,Africa,Sub-Saharan Africa,Eastern Africa,Ethiopia,231.0,ETH,ET,LDC LLDC,Ethiopia,ETH,850.0,70.83333333333333,2.41439850882353,3.4456637647058823,2.9136590702144427
87,95,SI,Slovenia,EASTERN EUROPE,28,1.4573333333333334,EUR,1.18318,1.7242876533333333,0.016666666666666666,0.019719666666666663,74.95,88.679341,2021-02-18,1.4817346766666666,2.2132288963015876,88.65962133333333,Europe,Southern Europe,Southern Europe,Slovenia,705.0,SVN,SI,,Slovenia,SVN,25940.0,2161.6666666666665,0.07976658380878952,0.06854593723978412,0.10238529975180823
88,96,DM,Dominica,CARIBBEAN,17,4.769230769230769,XCD,0.3700209,1.7647150615384615,3.0,1.1100626999999998,39.5,14.61582555,2021-02-03,4.92127797,14.604057401586914,13.50576285,Americas,Latin America and the Caribbean,Caribbean,Dominica,212.0,DMA,DM,SIDS,Dominica,DMA,7920.0,660.0,0.26738106993006994,0.7456481772727273,2.212735969937411
89,97,PH,Philippines,ASIA (EX. NEAR EAST),30,86.13333333333333,PHP,0.02057159,1.7718996186666667,46.27777777777778,0.9520074705555556,399.0,8.20806441,2021-02-17,1.4229902716666667,3.1563916740012172,7.256056939444445,Asia,South-eastern Asia,South-eastern Asia,Philippines,608.0,PHL,PH,,Philippines,PHL,3850.0,320.8333333333333,0.5522804006233766,0.4435294353246753,0.9838103918964833
90,98,GE,Georgia,CIS (FORMER USSR),20,6.0,GEL,0.29940119,1.79640714,1.0,0.29940119,26.666666666666668,7.9840317333333335,2021-02-05,0.93457941,5.629382709059234,7.684630543333333,Asia,Western Asia,Western Asia,Georgia,268.0,GEO,GE,,Georgia,GEO,4780.0,398.3333333333333,0.45098087196652714,0.2346224460251046,1.4132341529019
91,99,IM,Isle of Man,WESTERN EUROPE,14,1.3113333333333332,GBP,1.371036,1.7978852079999998,0.3066,0.42035963759999995,25.0,34.2759,2021-02-09,1.6577466666666665,3.3253265344179894,33.8555403624,Europe,Northern Europe,Northern Europe,Isle of Man,833.0,IMN,IM,,Isle of Man,IMN,,,,,
92,100,AZ,Azerbaijan,CIS (FORMER USSR),42,3.1,AZN,0.58823529,1.8235293989999999,0.4,0.235294116,16.666666666666668,9.8039215,2021-01-28,1.862745085,6.421263095238095,9.568627384,Asia,Western Asia,Western Asia,Azerbaijan,31.0,AZE,AZ,LLDC,Azerbaijan,AZE,4480.0,373.3333333333333,0.48844537473214283,0.49894957633928577,1.71998118622449
93,101,TT,Trinidad and Tobago,CARIBBEAN,12,12.9104,TTD,0.1468128,1.8954119731199999,1.4469142857142858,0.21242553764571429,975.24,143.17771507199998,2021-02-23,5.924459798000001,2.694595708799999,142.96528953435427,Americas,Latin America and the Caribbean,Caribbean,Trinidad and Tobago,780.0,TTO,TT,SIDS,Trinidad and Tobago,TTO,17010.0,1417.5,0.13371513037883598,0.41795130850088186,0.19009493536507932
94,102,MO,Macau,ASIA (EX. NEAR EAST),19,15.444444444444445,MOP,0.1247146,1.9261477111111112,7.9,0.98524534,66.5,8.293520899999999,2021-02-12,2.8920154000000005,17.10105364488095,7.308275559999999,Asia,Eastern Asia,Eastern Asia,"China, Macao Special Administrative Region",446.0,MAC,MO,,"Macao SAR, China",MAC,,,,,
95,103,GT,Guatemala,CENTRAL AMERICA,24,14.991666666666665,GTQ,0.1292413,1.9375424891666666,10.0,1.292413,39.8,5.14380374,2021-02-08,2.1706083333333335,4.844725748244277,3.8513907400000003,Americas,Central America,Central America,Guatemala,320.0,GTM,GT,,Guatemala,GTM,4610.0,384.1666666666667,0.504349454880694,0.5650173535791757,1.2610999778510048
96,104,SR,Suriname,SOUTH AMERICA,12,27.479166666666664,SRD,0.070651405,1.9414417332291665,24.363636363636363,1.72132514,38.57142857142857,2.7251256214285715,2021-02-19,4.916420666666667,6.081389479863416,1.0038004814285715,Americas,South America,South America,Suriname,740.0,SUR,SR,SIDS,Suriname,SUR,5420.0,451.6666666666667,0.4298394981319188,1.0885064206642068,1.3464330951727121
97,105,GN,Guinea,SUB-SAHARAN AFRICA,19,20000.0,GNF,9.92854e-05,1.985708,8000.0,0.7942832,50000.0,4.96427,2021-02-08,2.0828272500000002,4.525073406505933,4.1699868,Africa,Sub-Saharan Africa,Western Africa,Guinea,324.0,GIN,GN,LDC,Guinea,GIN,930.0,77.5,2.562203870967742,2.687519032258065,5.838804395491526
98,106,AS,American Samoa,OCEANIA,11,2.0,USD,1.0,2.0,1.3333333333333333,1.3333333333333333,2.9166666666666665,2.9166666666666665,2021-01-27,2.5,1.936319752692308,1.5833333333333333,Oceania,Polynesia,Polynesia,American Samoa,16.0,ASM,AS,SIDS,American Samoa,ASM,,,,,
99,107,VI,Virgin Islands (U.S.),CARIBBEAN,11,2.0,USD,1.0,2.0,0.5,0.5,8.333333333333334,8.333333333333334,2021-02-23,4.666666666666667,4.974747474747475,7.833333333333334,Americas,Latin America and the Caribbean,Caribbean,United States Virgin Islands,850.0,VIR,VI,SIDS,Virgin Islands (U.S.),VIR,,,,,
100,108,MT,Malta,WESTERN EUROPE,27,1.6979245283018867,EUR,1.18318,2.008950343396226,0.6906077348066297,0.8171132596685081,49.9,59.040682,2021-02-12,3.6166333333333327,13.098492063492065,58.22356874033149,Europe,Southern Europe,Southern Europe,Malta,470.0,MLT,MT,,Malta,MLT,28030.0,2335.8333333333335,0.08600572287104785,0.1548326792722083,0.5607631279411515
101,109,BI,Burundi,SUB-SAHARAN AFRICA,54,4100.0,BIF,0.0005122975,2.1004197500000004,180.0,0.09221355,10000.0,5.122975,2021-01-29,2.12178,18.78591919127155,5.03076145,Africa,Sub-Saharan Africa,Eastern Africa,Burundi,108.0,BDI,BI,LDC LLDC,Burundi,BDI,280.0,23.333333333333332,9.00179892857143,9.093342857142858,80.51108224830664
102,110,BH,Bahrain,NEAR EAST,24,0.8,BHD,2.6520919999999997,2.1216736,0.4772727272727273,1.2657711818181818,3.2,8.4866944,2021-01-28,2.26947322,2.0014967886024455,7.2209232181818175,Asia,Western Asia,Western Asia,Bahrain,48.0,BHR,BH,,Bahrain,BHR,22110.0,1842.5,0.11515189145183174,0.12317358046132973,0.10862940508018701
103,111,OM,Oman,NEAR EAST,60,0.8166666666666667,OMR,2.600481,2.12372615,0.05,0.13002405,3.3333333333333335,8.66827,2021-02-16,4.580646583333333,11.2831078125,8.53824595,Asia,Western Asia,Western Asia,Oman,512.0,OMN,OM,,Oman,OMN,14110.0,1175.8333333333333,0.18061455563430193,0.38956597448618,0.9595839386959605
104,112,ME,Montenegro,EASTERN EUROPE,21,1.795,EUR,1.18318,2.1238080999999998,0.1198,0.141744964,4.9875,5.9011102499999994,2021-02-11,3.942130333333333,2.8323937512175323,5.7593652859999995,Europe,Southern Europe,Southern Europe,Montenegro,499.0,MNE,ME,,Montenegro,MNE,9060.0,755.0,0.2812990860927152,0.5221364679911699,0.3751514902274877
105,113,GU,Guam,OCEANIA,23,2.142857142857143,USD,1.0,2.142857142857143,1.0,1.0,70.0,70.0,2021-02-08,2.0,4.26329135147436,69.0,Oceania,Micronesia,Micronesia,Guam,316.0,GUM,GU,SIDS,Guam,GUM,,,,,
106,114,MP,Northern Mariana Islands,OCEANIA,18,2.1547619047619047,USD,1.0,2.1547619047619047,1.0,1.0,60.0,60.0,2021-02-12,2.65,12.96952380952381,59.0,Oceania,Micronesia,Micronesia,Northern Mariana Islands,580.0,MNP,MP,SIDS,Northern Mariana Islands,MNP,,,,,
107,115,BO,Bolivia,SOUTH AMERICA,48,15.075757575757574,BOB,0.1444076,2.1770539696969693,6.0,0.8664456,100.0,14.44076,2021-01-29,5.088849499999999,5.993073593073593,13.574314399999999,Americas,South America,South America,Bolivia (Plurinational State of),68.0,BOL,BO,LLDC,Bolivia,BOL,3520.0,293.3333333333333,0.7421774896694213,1.7348350568181816,2.043093270365998
108,116,BN,Brunei Darussalam,ASIA (EX. NEAR EAST),9,3.0,BND,0.7429262999999999,2.2287789,2.4,1.7830231199999997,10.0,7.429262999999999,2021-01-29,2.6421536249999997,8.512795567221044,5.6462398799999995,Asia,South-eastern Asia,South-eastern Asia,Brunei Darussalam,96.0,BRN,BN,,Brunei Darussalam,BRN,32230.0,2685.8333333333335,0.08298277008997827,0.098373699968973,0.3169517431171347
109,117,SZ,Eswatini,SUB-SAHARAN AFRICA,9,33.333333333333336,SZL,0.06720083,2.2400276666666668,10.3125,0.693008559375,41.66666666666667,2.8000345833333338,2021-02-19,13.3064125,5.248524251361231,2.107026023958334,Africa,Sub-Saharan Africa,Southern Africa,Eswatini,748.0,SWZ,SZ,LLDC,Eswatini,SWZ,3670.0,305.8333333333333,0.7324341144414169,4.350870572207085,1.7161387197911382
110,118,KE,Kenya,SUB-SAHARAN AFRICA,50,247.0703125,KES,0.0091074681,2.2501849895507813,28.571428571428573,0.2602133742857143,1200.0,10.92896172,2021-02-09,1.0470851105,2.7319008455951383,10.668748345714286,Africa,Sub-Saharan Africa,Eastern Africa,Kenya,404.0,KEN,KE,,Kenya,KEN,1750.0,145.83333333333334,1.5429839928348212,0.7180012186285715,1.8733034369795232
111,119,PG,Papua New Guinea,OCEANIA,18,8.0,PGK,0.282783,2.262264,2.5,0.7069575,34.0,9.614622,2021-02-17,5.4049668749999995,12.139600061877818,8.907664500000001,Oceania,Melanesia,Melanesia,Papua New Guinea,598.0,PNG,PG,SIDS,Papua New Guinea,PNG,2750.0,229.16666666666666,0.9871697454545456,2.3585309999999997,5.2972800270012295
112,120,BG,Bulgaria,EASTERN EUROPE,21,3.74875,BGN,0.60397597,2.2641549175375,1.0398,0.6280142136060001,139.9,84.496238203,2021-01-28,2.2171604600799997,11.506340639102467,83.86822398939401,Europe,Eastern Europe,Eastern Europe,Bulgaria,100.0,BGR,BG,,Bulgaria,BGR,9570.0,797.5,0.28390657273197495,0.27801385079373037,1.4428013340567358
113,121,HK,Hong Kong,ASIA (EX. NEAR EAST),52,17.88888888888889,HKD,0.1287244,2.302736488888889,1.66,0.21368250399999997,83.33333333333334,10.727033333333333,2021-02-08,2.5544930400000005,7.15198763761731,10.513350829333334,Asia,Eastern Asia,Eastern Asia,"China, Hong Kong Special Administrative Region",344.0,HKG,HK,,"Hong Kong SAR, China",HKG,50800.0,4233.333333333333,0.054395350131233595,0.060342355275590565,0.16894458986497585
114,122,HR,Croatia,EASTERN EUROPE,26,15.033333333333333,HRK,0.15625244,2.3489950146666665,1.69,0.2640666236,82.66666666666667,12.916868373333333,2020-12-08,2.4790872,3.995001677451334,12.652801749733333,Europe,Southern Europe,Southern Europe,Croatia,191.0,HRV,HR,,Croatia,HRV,14980.0,1248.3333333333333,0.1881704951668892,0.1985917650200267,0.32002683664496673
115,123,CR,Costa Rica,CENTRAL AMERICA,15,1444.4444444444443,CRC,0.001632778,2.358457111111111,980.0,1.60012244,1800.0,2.9390004000000003,2021-02-02,2.74485036,4.894898815789473,1.3388779600000003,Americas,Central America,Central America,Costa Rica,188.0,CRI,CR,,Costa Rica,CRI,11700.0,975.0,0.24189303703703705,0.2815231138461538,0.5020409041835356
116,125,AR,Argentina,SOUTH AMERICA,28,217.5,ARS,0.01092024,2.3751522,40.0,0.43680959999999996,1050.0,11.466251999999999,2021-01-26,1.45029817625,7.395062328186276,11.029442399999999,Americas,South America,South America,Argentina,32.0,ARG,AR,,Argentina,ARG,11130.0,927.5,0.25608109973045823,0.15636638018867924,0.7973113022303262
117,126,BA,Bosnia and Herzegovina,EASTERN EUROPE,24,3.9375,BAM,0.6058072,2.38536585,1.0416666666666667,0.6310491666666667,35.1,21.26383272,2021-01-27,3.0428056999999997,3.0530318153852516,20.632783553333333,Europe,Southern Europe,Southern Europe,Bosnia and Herzegovina,70.0,BIH,BA,,Bosnia and Herzegovina,BIH,6170.0,514.1666666666666,0.463928528363047,0.5917936531604537,0.5937825248723342
118,127,VC,Saint Vincent and the Grenadines,CARIBBEAN,13,6.5,XCD,0.3700209,2.4051358499999997,4.0,1.4800836,9.0,3.3301881,2021-02-23,3.3301881,3.5817790433297754,1.8501045,Americas,Latin America and the Caribbean,Caribbean,Saint Vincent and the Grenadines,670.0,VCT,VC,SIDS,St. Vincent and the Grenadines,VCT,7460.0,621.6666666666666,0.38688512332439673,0.5356870938337802,0.5761574868626985
119,128,GD,Grenada,CARIBBEAN,13,6.6,XCD,0.3700209,2.44213794,4.983333333333333,1.8439374849999999,12.0,4.440250799999999,2021-02-05,5.36530305,12.002377126365841,2.5963133149999997,Americas,Latin America and the Caribbean,Caribbean,Grenada,308.0,GRD,GD,SIDS,Grenada,GRD,9840.0,820.0,0.2978217,0.65430525,1.4637045276055904
120,129,PY,Paraguay,SOUTH AMERICA,27,16666.666666666668,PYG,0.0001520339,2.5338983333333336,4800.0,0.72976272,60000.0,9.122034,2021-02-17,2.3032125,11.555074335350001,8.39227128,Americas,South America,South America,Paraguay,600.0,PRY,PY,LLDC,Paraguay,PRY,5520.0,460.0,0.550847463768116,0.5006983695652173,2.5119726815978263
121,130,CI,Côte d'Ivoire,SUB-SAHARAN AFRICA,29,1428.4285714285713,XOF,0.001806246,2.5800933934285712,645.1612903225806,1.16532,10000.0,18.06246,2021-02-01,3.204103137735849,6.175919111111111,16.89714,Africa,Sub-Saharan Africa,Western Africa,Côte d’Ivoire,384.0,CIV,CI,,Cote d'Ivoire,CIV,2290.0,190.83333333333334,1.3520140052900809,1.6790060110406193,3.2362894905385735
122,131,LR,Liberia,SUB-SAHARAN AFRICA,40,2.586769869818431,USD,1.0,2.586769869818431,1.5527950310559007,1.5527950310559007,20.0,20.0,2021-02-11,3.25,3.7533486394557825,18.4472049689441,Africa,Sub-Saharan Africa,Western Africa,Liberia,430.0,LBR,LR,LDC,Liberia,LBR,580.0,48.333333333333336,5.351937661693305,6.724137931034482,7.76554890921886
123,132,TJ,Tajikistan,CIS (FORMER USSR),22,29.75,TJS,0.08748715,2.6027427125,9.95,0.8704971425,150.0,13.1230725,2021-02-19,4.6512128725,4.099944624242425,12.2525753575,Asia,Central Asia,Central Asia,Tajikistan,762.0,TJK,TJ,LLDC,Tajikistan,TJK,1030.0,85.83333333333333,3.032321606796117,5.418888783495146,4.776634513680495
124,133,LC,Saint Lucia,CARIBBEAN,14,7.083333333333334,XCD,0.3700209,2.620981375,3.9375,1.45695729375,12.0,4.440250799999999,2021-02-11,3.26851795,4.838086455626401,2.9832935062499994,Americas,Latin America and the Caribbean,Caribbean,Saint Lucia,662.0,LCA,LC,SIDS,St. Lucia,LCA,11020.0,918.3333333333334,0.28540632032667873,0.35591847005444643,0.5268333708486099
125,134,FO,Faroe Islands,WESTERN EUROPE,11,16.6,DKK,0.1591252,2.64147832,6.903846153846154,1.0985759,1030.0,163.898956,2021-02-04,2.41495804,9.783157013524285,162.8003801,Europe,Northern Europe,Northern Europe,Faroe Islands,234.0,FRO,FO,,Faroe Islands,FRO,,,,,
126,135,LS,Lesotho,SUB-SAHARAN AFRICA,27,39.333333333333336,LSL,0.067658998,2.6612539213333335,19.0,1.2855209619999999,133.33333333333334,9.021199733333333,2021-02-11,2.1302336,7.194197756949407,7.735678771333333,Africa,Sub-Saharan Africa,Southern Africa,Lesotho,426.0,LSO,LS,LDC LLDC,Lesotho,LSO,1380.0,115.0,2.314133844637681,1.8523770434782607,6.255824136477746
127,136,ZA,South Africa,SUB-SAHARAN AFRICA,60,39.46666666666667,ZAR,0.067726954,2.672957117866667,1.7475,0.11835285211500002,516.0,34.947108264,2021-02-25,4.2964668,7.7662839277014655,34.828755411885,Africa,Sub-Saharan Africa,Southern Africa,South Africa,710.0,ZAF,ZA,,South Africa,ZAF,6040.0,503.3333333333333,0.5310510830198676,0.8536026754966888,1.5429703167618805
128,137,JM,Jamaica,CARIBBEAN,11,400.0,JMD,0.006855069,2.7420276,125.0,0.856883625,1400.0,9.5970966,2021-02-09,3.88474692,2.4328428910115,8.740212975,Americas,Latin America and the Caribbean,Caribbean,Jamaica,388.0,JAM,JM,SIDS,Jamaica,JAM,5320.0,443.3333333333333,0.6185024661654136,0.8762587037593985,0.5487615543634963
129,139,GI,Gibraltar,WESTERN EUROPE,5,2.0,GIP,1.38943,2.77886,1.2,1.6673159999999998,2.142857142857143,2.97735,2021-02-05,7.3812,3.100678322435897,1.3100340000000001,Europe,Southern Europe,Southern Europe,Gibraltar,292.0,GIB,GI,,Gibraltar,GIB,,,,,
130,140,MZ,Mozambique,SUB-SAHARAN AFRICA,19,200.0,MZN,0.01395826,2.791652,13.333333333333334,0.18611013333333334,500.0,6.97913,2021-02-15,3.326925825,12.816115151515152,6.793019866666667,Africa,Sub-Saharan Africa,Eastern Africa,Mozambique,508.0,MOZ,MZ,LDC,Mozambique,MOZ,490.0,40.833333333333336,6.836698775510204,8.147573448979593,31.38640445269017
131,141,AL,Albania,EASTERN EUROPE,32,290.0,ALL,0.0096385542,2.795180718,75.0,0.722891565,10000.0,96.385542,2021-01-26,2.8252094000000003,5.277386202429665,95.662650435,Europe,Southern Europe,Southern Europe,Albania,8.0,ALB,AL,,Albania,ALB,5220.0,435.0,0.64257028,0.6494734252873564,1.2131922304436011
132,142,CO,Colombia,SOUTH AMERICA,60,10000.0,COP,0.00027982530000000003,2.7982530000000003,1500.0,0.41973795,35294.11764705882,9.876187058823529,2021-02-02,3.4554190476190474,3.216101943705022,9.456449108823529,Americas,South America,South America,Colombia,170.0,COL,CO,,Colombia,COL,6510.0,542.5,0.515807004608295,0.6369436032477507,0.5928298513741975
133,143,CG,Congo,SUB-SAHARAN AFRICA,8,1592.857142857143,XAF,0.001806246,2.877091842857143,553.1914893617021,0.999199914893617,4230.7692307692305,7.6418099999999995,2021-02-01,1.9361566666666667,4.573385347905139,6.642610085106383,Africa,Sub-Saharan Africa,Middle Africa,Congo,178.0,COG,CG,,"Congo, Rep.",COG,1720.0,143.33333333333334,2.0072733787375414,1.350806976744186,3.1907339636547483
134,144,BZ,Belize,CENTRAL AMERICA,27,6.0,BZD,0.4949627,2.9697762,3.0,1.4848881,13.7825,6.82182341275,2021-01-31,3.2481798221052633,4.392293317472625,5.33693531275,Americas,Central America,Central America,Belize,84.0,BLZ,BZ,SIDS,Belize,BLZ,4480.0,373.3333333333333,0.795475767857143,0.8700481666353386,1.176507138608739
135,145,LU,Luxembourg,WESTERN EUROPE,20,2.533,EUR,1.18318,2.9969949399999996,1.198,1.4174496399999998,6.0,7.099079999999999,2021-02-11,3.8874287541666663,13.945339108303921,5.681630359999999,Europe,Western Europe,Western Europe,Luxembourg,442.0,LUX,LU,,Luxembourg,LUX,73910.0,6159.166666666667,0.048659097929914755,0.06311614808550939,0.22641600500561093
136,146,LI,Liechtenstein,WESTERN EUROPE,17,2.9,CHF,1.069547,3.1016863,0.17733333333333332,0.18966633466666666,22.5,24.0648075,2021-02-11,4.00532198,7.986620322154473,23.875141165333336,Europe,Western Europe,Western Europe,Liechtenstein,438.0,LIE,LI,,Liechtenstein,LIE,,,,,
137,147,NL,The Netherlands,WESTERN EUROPE,24,2.625,EUR,1.18318,3.1058475,0.65,0.769067,13.5,15.972929999999998,2021-02-24,2.9837225,4.619460416666666,15.203862999999998,Europe,Western Europe,Western Europe,Netherlands,528.0,NLD,NL,,Netherlands,NLD,53100.0,4425.0,0.07018864406779661,0.06742875706214689,0.10439458568738226
138,148,LA,Lao People's Democratic Republic,ASIA (EX. NEAR EAST),25,30000.0,LAK,0.0001063721,3.191163,1666.6666666666667,0.17728683333333334,40000.0,4.254884,2021-02-11,4.15774074074074,3.4177217968966134,4.077597166666666,Asia,South-eastern Asia,South-eastern Asia,Lao People's Democratic Republic,418.0,LAO,LA,LDC LLDC,Lao PDR,LAO,2570.0,214.16666666666666,1.4900371984435798,1.9413575443147428,1.5958234071112594
139,149,QA,Qatar,NEAR EAST,9,11.666666666666666,QAR,0.2746498,3.2042476666666664,4.0,1.0985992,16.0,4.3943968,2021-02-17,4.119747,12.569170833333335,3.2957976,Asia,Western Asia,Western Asia,Qatar,634.0,QAT,QA,,Qatar,QAT,61180.0,5098.333333333333,0.06284892448512586,0.08080576005230468,0.24653489702517167
140,150,KM,Comoros,SUB-SAHARAN AFRICA,25,1333.3333333333333,KMF,0.002410366,3.213821333333333,250.0,0.6025915000000001,40000.0,96.41464,2021-02-10,4.3830811999999995,5.272266578869049,95.8120485,Africa,Sub-Saharan Africa,Eastern Africa,Comoros,174.0,COM,KM,LDC SIDS,Comoros,COM,1400.0,116.66666666666667,2.754704,3.7569267428571425,4.519085639030613
141,151,MV,Maldives,ASIA (EX. NEAR EAST),23,50.0,MVR,0.06474187,3.2370935000000003,28.557142857142857,1.8488428304285716,200.0,12.948374000000001,2021-02-12,3.8809831800000003,5.788658173076923,11.09953116957143,Asia,Southern Asia,Southern Asia,Maldives,462.0,MDV,MV,SIDS,Maldives,MDV,9680.0,806.6666666666666,0.4012925826446282,0.48111361735537195,0.7176022528607756
142,152,SL,Sierra Leone,SUB-SAHARAN AFRICA,21,33333.333333333336,SLL,9.778019999999999e-05,3.25934,22222.222222222223,2.172893333333333,45000.0,4.400109,2021-02-18,3.689613121212122,9.215213114666666,2.2272156666666665,Africa,Sub-Saharan Africa,Western Africa,Sierra Leone,694.0,SLE,SL,LDC,Sierra Leone,SLE,540.0,45.0,7.242977777777777,8.19914026936027,20.478251365925924
143,153,ML,Mali,SUB-SAHARAN AFRICA,42,1816.6666666666667,XOF,0.001806246,3.2813469000000004,666.6666666666666,1.204164,94000.0,169.787124,2021-02-12,4.123785,12.369568452380953,168.58296,Africa,Sub-Saharan Africa,Western Africa,Mali,466.0,MLI,ML,LDC LLDC,Mali,MLI,870.0,72.5,4.525995724137932,5.6879793103448275,17.061473727422005
144,154,US,United States,NORTHERN AMERICA,45,3.3333333333333335,USD,1.0,3.3333333333333335,1.0,1.0,30.0,30.0,2021-02-23,8.0,8.340286613333333,29.0,Americas,Northern America,Northern America,United States of America,840.0,USA,US,,United States,USA,65850.0,5487.5,0.060744115413819286,0.1457858769931663,0.15198699978739558
145,155,DE,Germany,WESTERN EUROPE,60,2.8528571428571428,EUR,1.18318,3.3754435142857138,0.3,0.35495399999999994,10.0,11.8318,2021-02-03,4.0592188375,6.957940938016573,11.476846,Europe,Western Europe,Western Europe,Germany,276.0,DEU,DE,,Germany,DEU,48580.0,4048.3333333333335,0.08337859648297358,0.10026888853437628,0.1718717399263048
146,156,JP,Japan,ASIA (EX. NEAR EAST),35,367.7142857142857,JPY,0.009198870000000001,3.382555911428572,95.2,0.8757324240000002,4950.0,45.53440650000001,2021-02-10,3.912519321904762,10.396665036032433,44.65867407600001,Asia,Eastern Asia,Eastern Asia,Japan,392.0,JPN,JP,,Japan,JPN,41710.0,3475.8333333333335,0.0973164011919033,0.1125634904407987,0.2991128756470611
147,157,MF,Saint-Martin (France),CARIBBEAN,40,2.925,EUR,1.18318,3.4608014999999996,0.49916666666666665,0.5906040166666666,90.0,106.4862,2021-02-12,3.3227818749999996,8.457274639377777,105.89559598333334,Americas,Latin America and the Caribbean,Caribbean,Saint Martin (French Part),663.0,MAF,MF,,St. Martin (French part),MAF,,,,,
148,159,LV,Latvia,BALTICS,22,2.9475,EUR,1.18318,3.4874230499999994,0.24200000000000002,0.28632956,59.9,70.87248199999999,2021-02-11,3.79095506,18.121019999999998,70.58615243999999,Europe,Northern Europe,Northern Europe,Latvia,428.0,LVA,LV,,Latvia,LVA,17740.0,1478.3333333333333,0.23590234836527618,0.2564343896279594,1.225773618940248
149,161,SK,Slovakia,EASTERN EUROPE,45,3.0,EUR,1.18318,3.5495399999999995,0.875,1.0352824999999999,30.0,35.4954,2021-02-19,3.8426729166666664,7.375777795063765,34.460117499999996,Europe,Eastern Europe,Eastern Europe,Slovakia,703.0,SVK,SK,,Slovak Republic,SVK,19210.0,1600.8333333333333,0.22173076522644455,0.24004203539823007,0.46074614024344196
150,162,BJ,Benin,SUB-SAHARAN AFRICA,37,2000.0,XOF,0.001806246,3.612492,250.0,0.4515615,33333.333333333336,60.208200000000005,2021-01-28,27.216981,20.986451647321427,59.75663850000001,Africa,Sub-Saharan Africa,Western Africa,Benin,204.0,BEN,BJ,LDC,Benin,BEN,1250.0,104.16666666666667,3.4679923199999996,26.12830176,20.146993581428568
151,163,MX,Mexico,CENTRAL AMERICA,45,75.0,MXN,0.048247,3.618525,24.916666666666668,1.2021544166666667,250.0,12.06175,2021-02-24,4.7671903749375,15.046305743076344,10.859595583333334,Americas,Central America,Central America,Mexico,484.0,MEX,MX,,Mexico,MEX,9480.0,790.0,0.4580411392405064,0.6034418196123418,1.90459566368055
152,164,KN,Saint Kitts and Nevis,CARIBBEAN,16,10.0,XCD,0.3700209,3.700209,5.0,1.8501045,66.0,24.4213794,2021-02-10,11.0679418205,14.897661965944097,22.5712749,Americas,Latin America and the Caribbean,Caribbean,Saint Kitts and Nevis,659.0,KNA,KN,SIDS,St. Kitts and Nevis,KNA,19290.0,1607.5,0.23018407465007779,0.6885189312908243,0.9267596868394462
153,165,PT,Portugal,WESTERN EUROPE,21,3.25,EUR,1.18318,3.8453349999999995,0.9996666666666666,1.1827856066666664,11.96,14.1508328,2021-02-18,4.971966675,13.982126257200003,12.968047193333334,Europe,Southern Europe,Southern Europe,Portugal,620.0,PRT,PT,,Portugal,PRT,23200.0,1933.3333333333333,0.1988966379310345,0.2571706900862069,0.7232134270965519
154,167,BW,Botswana,SUB-SAHARAN AFRICA,30,43.25,BWP,0.09056496,3.91693452,18.0,1.63016928,400.0,36.225984,2021-01-29,13.867310619000001,16.79091986111111,34.59581472,Africa,Sub-Saharan Africa,Southern Africa,Botswana,72.0,BWA,BW,LLDC,Botswana,BWA,7650.0,637.5,0.6144211011764705,2.1752644108235297,2.633869782135076
155,168,GL,Greenland,NORTHERN AMERICA,3,24.95,DKK,0.1591252,3.97017374,13.98,2.224570296,71.8,11.42518936,2021-02-05,9.556784251666667,11.123015873015872,9.200619064,Americas,Northern America,Northern America,Greenland,304.0,GRL,GL,,Greenland,GRL,,,,,
156,169,PR,Puerto Rico,CARIBBEAN,19,4.0,USD,1.0,4.0,0.5,0.5,20.0,20.0,2021-02-17,9.166666666666666,14.612052787882353,19.5,Americas,Latin America and the Caribbean,Caribbean,Puerto Rico,630.0,PRI,PR,SIDS,Puerto Rico,PRI,21970.0,1830.8333333333333,0.21847974510696405,0.5006827492034593,0.79810939214651
157,171,SX,Sint Maarten,CARIBBEAN,21,7.5,ANG,0.5558809,4.16910675,1.495,0.8310419455000001,12.45,6.920717205,2021-02-19,4.660520833333334,21.63599342833334,6.0896752595,Americas,Latin America and the Caribbean,Caribbean,Sint Maarten (Dutch part),534.0,SXM,SX,SIDS,Sint Maarten (Dutch part),SXM,,,,,
158,172,PF,French Polynesia,OCEANIA,30,423.75,XPF,0.009913396000000001,4.200801555000001,166.66666666666666,1.652232666666667,5312.5,52.664916250000005,2021-02-17,15.42358609,4.960541863787202,51.012683583333335,Oceania,Polynesia,Polynesia,French Polynesia,258.0,PYF,PF,SIDS,French Polynesia,PYF,,,,,
159,173,GW,Guinea-Bissau,SUB-SAHARAN AFRICA,9,2441.40625,XOF,0.001806246,4.4097802734375,1247.0071827613729,2.252401735833999,20000.0,36.12492,2021-02-08,4.123785,11.707033237885714,33.872518264166004,Africa,Sub-Saharan Africa,Western Africa,Guinea-Bissau,624.0,GNB,GW,LDC SIDS,Guinea-Bissau,GNB,820.0,68.33333333333333,6.453336985518293,6.034807317073171,17.132243762759582
160,174,AG,Antigua and Barbuda,CARIBBEAN,39,12.0,XCD,0.3700209,4.440250799999999,4.0,1.4800836,114.0,42.1823826,2021-01-26,7.1691549375,12.696969349422043,40.702299,Americas,Latin America and the Caribbean,Caribbean,Antigua and Barbuda,28.0,ATG,AG,SIDS,Antigua and Barbuda,ATG,16600.0,1383.3333333333333,0.32098198554216867,0.5182521641566266,0.9178532059823163
161,175,AW,Aruba,CARIBBEAN,17,8.0,AWG,0.5555726999999999,4.444581599999999,1.3333333333333333,0.7407635999999999,16.12,8.955831924,2021-01-27,9.111269279999998,5.555336905650496,8.215068324,Americas,Latin America and the Caribbean,Caribbean,Aruba,533.0,ABW,AW,SIDS,Aruba,ABW,,,,,
162,176,PA,Panama,CENTRAL AMERICA,8,4.5,PAB,0.9976851999999999,4.4895834,2.0,1.9953703999999999,7.5,7.482639,2021-02-16,6.68768,4.691375845539216,5.4872686,Americas,Central America,Central America,Panama,591.0,PAN,PA,,Panama,PAN,14950.0,1245.8333333333333,0.36036789832775923,0.536803745819398,0.3765652852606729
163,177,BF,Burkina Faso,SUB-SAHARAN AFRICA,31,2500.0,XOF,0.001806246,4.515615,1300.0,2.3481198,10000.0,18.06246,2021-01-28,2.474271,10.258809515909089,15.714340200000002,Africa,Sub-Saharan Africa,Western Africa,Burkina Faso,854.0,BFA,BF,LDC LLDC,Burkina Faso,BFA,780.0,65.0,6.947100000000001,3.8065707692307686,15.78278387062937
164,179,TG,Togo,SUB-SAHARAN AFRICA,18,2596.153846153846,XOF,0.001806246,4.6892925000000005,1125.0,2.03202675,22500.0,40.640535,2021-02-19,4.498674545454546,15.115110392028367,38.60850825,Africa,Sub-Saharan Africa,Western Africa,Togo,768.0,TGO,TG,LDC,Togo,TGO,690.0,57.5,8.155291304347827,7.823781818181819,26.28714850787542
165,180,KR,South Korea,ASIA (EX. NEAR EAST),18,5337.6,KRW,0.0008837129,4.71690597504,64.15555555555555,0.05669509205111111,109633.33333333334,96.88439093666668,2021-02-10,10.94169641861111,9.211071428571426,96.82769584461556,Asia,Eastern Asia,Eastern Asia,Republic of Korea,410.0,KOR,KR,,"Korea, Rep.",KOR,33790.0,2815.8333333333335,0.16751367771672093,0.3885775585182992,0.3271170676024182
166,181,CV,Cape Verde,SUB-SAHARAN AFRICA,24,445.0,CVE,0.01074525,4.78163625,100.0,1.074525,4500.0,48.353625,2021-02-03,4.80816812,4.252903127307692,47.2791,Africa,Sub-Saharan Africa,Western Africa,Cabo Verde,132.0,CPV,CV,SIDS,Cabo Verde,CPV,3630.0,302.5,1.5807061983471076,1.58947706446281,1.4059183891926257
167,182,LB,Lebanon,NEAR EAST,15,4.81,USD,1.0,4.81,1.2099,1.2099,77.7,77.7,2021-02-11,3.8166666666666664,5.84133923076923,76.4901,Asia,Western Asia,Western Asia,Lebanon,422.0,LBN,LB,,Lebanon,LBN,7380.0,615.0,0.7821138211382114,0.6205962059620596,0.9498112570356472
168,183,GA,Gabon,SUB-SAHARAN AFRICA,52,2666.6666666666665,XOF,0.001806246,4.816656,585.9375,1.0583472656250001,10000.0,18.06246,2021-02-05,4.894162417582417,3.387384120918615,17.004112734375003,Africa,Sub-Saharan Africa,Middle Africa,Gabon,266.0,GAB,GA,,Gabon,GAB,7170.0,597.5,0.8061348953974895,0.8191066807669317,0.5669262127060444
169,184,MG,Madagascar,SUB-SAHARAN AFRICA,36,19500.0,MGA,0.0002636347,5.140876650000001,2500.0,0.65908675,190000.0,50.090593000000005,2021-02-12,8.807383333333334,7.238726563190122,49.431506250000005,Africa,Sub-Saharan Africa,Eastern Africa,Madagascar,450.0,MDG,MG,LDC,Madagascar,MDG,520.0,43.333333333333336,11.863561500000001,20.32473076923077,16.70475360736182
170,185,CH,Switzerland,WESTERN EUROPE,14,4.9,CHF,1.069547,5.240780300000001,1.4949999999999999,1.5989727649999999,16.666666666666668,17.825783333333334,2021-02-01,8.37569898,20.22072950333333,16.226810568333335,Europe,Western Europe,Western Europe,Switzerland,756.0,CHE,CH,,Switzerland,CHE,85500.0,7125.0,0.07355481122807019,0.11755366989473684,0.28379971232748535
171,186,GY,Guyana,SOUTH AMERICA,17,1100.0,GYD,0.004774484000000001,5.251932400000001,799.9,3.8191097516000005,1993.3333333333335,9.51713810666667,2021-02-08,5.4626963775,12.297911551166665,5.698028355066668,Americas,South America,South America,Guyana,328.0,GUY,GY,SIDS,Guyana,GUY,6630.0,552.5,0.9505760000000002,0.9887233262443439,2.2258663441025637
172,187,BE,Belgium,WESTERN EUROPE,37,4.458333333333333,EUR,1.18318,5.275010833333332,1.25,1.478975,18.0,21.29724,2021-01-28,4.882454999999999,3.1249028979591835,19.818265,Europe,Western Europe,Western Europe,Belgium,56.0,BEL,BE,,Belgium,BEL,48030.0,4002.5,0.13179290027066415,0.12198513429106807,0.07807377633876786
173,188,MR,Mauritania,NORTHERN AFRICA,13,200.0,MRO,0.027816411000000003,5.563282200000001,100.0,2.7816411000000003,500.0,13.908205500000001,2021-02-12,4.62933065,9.492928820477525,11.126564400000001,Africa,Sub-Saharan Africa,Western Africa,Mauritania,478.0,MRT,MR,LDC,Mauritania,MRT,1660.0,138.33333333333334,4.02164978313253,3.346504084337349,6.862358183477728
174,190,CA,Canada,NORTHERN AMERICA,60,7.1875,CAD,0.795365,5.7166859375,1.0,0.795365,100.0,79.5365,2021-02-01,12.549,13.211805867431972,78.741135,Americas,Northern America,Northern America,Canada,124.0,CAN,CA,,Canada,CAN,46370.0,3864.1666666666665,0.14794097746387752,0.3247530731076127,0.34190569421864064
175,191,NO,Norway,WESTERN EUROPE,21,49.875,NOK,0.11658299999999999,5.814577125,14.966666666666667,1.7448588999999999,249.0,29.029166999999998,2021-02-15,5.280744599999999,5.326521312857692,27.284308099999997,Europe,Northern Europe,Northern Europe,Norway,578.0,NOR,NO,,Norway,NOR,82500.0,6875.0,0.08457566727272726,0.07681083054545454,0.07747667364156643
176,192,GM,Gambia,SUB-SAHARAN AFRICA,31,300.0,GMD,0.0195427,5.86281,121.25,2.369552375,5000.0,97.7135,2021-02-05,5.09803918,6.8860856864111675,95.343947625,Africa,Sub-Saharan Africa,Western Africa,Gambia,270.0,GMB,GM,LDC,"Gambia, The",GMB,750.0,62.5,9.380495999999999,8.156862688,11.017737098257868
177,193,BS,Bahamas,CARIBBEAN,17,6.0,BSD,0.9972738999999999,5.9836434,4.0,3.9890955999999997,10.769230769230768,10.739872769230768,2021-01-29,6.019782000000001,4.944325729723707,6.750777169230768,Americas,Latin America and the Caribbean,Caribbean,Bahamas,44.0,BHS,BS,SIDS,"Bahamas, The",BHS,33460.0,2788.3333333333335,0.21459569874476989,0.21589176329946208,0.17732190303850714
178,194,VU,Vanuatu,OCEANIA,23,714.2857142857143,VUV,0.00849,6.064285714285714,88.88888888888889,0.7546666666666666,3325.5,28.233494999999998,2021-02-25,4.244999999999999,,27.478828333333333,Oceania,Melanesia,Melanesia,Vanuatu,548.0,VUT,VU,LDC SIDS,Vanuatu,VUT,3210.0,267.5,2.2670226969292386,1.586915887850467,
179,195,TV,Tuvalu,OCEANIA,9,8.333333333333334,AUD,0.762475,6.353958333333334,7.5,5.7185625,13.333333333333334,10.166333333333334,2021-02-22,,12.418257186850715,4.447770833333334,Oceania,Polynesia,Polynesia,Tuvalu,798.0,TUV,TV,LDC SIDS,Tuvalu,TUV,5620.0,468.3333333333333,1.356717081850534,,2.65158516445211
180,196,CW,Curaçao,CARIBBEAN,17,11.633333333333333,ANG,0.5558809,6.466747803333333,5.0,2.7794045,25.8,14.341727220000001,2021-02-02,11.064076458333334,16.913837675064816,11.562322720000001,Americas,Latin America and the Caribbean,Caribbean,Curaçao,531.0,CUW,CW,SIDS,Curacao,CUW,20350.0,1695.8333333333333,0.38133156579852584,0.6524271130221131,0.9973761773993995
181,197,NC,New Caledonia,OCEANIA,14,655.0,XPF,0.009913396000000001,6.493274380000001,212.0,2.101639952,21200.0,210.16399520000002,2021-02-15,4.808529781,7.210986908080935,208.06235524800002,Oceania,Melanesia,Melanesia,New Caledonia,540.0,NCL,NC,SIDS,New Caledonia,NCL,,,,,
182,198,BB,Barbados,CARIBBEAN,11,13.75,BBD,0.4941366,6.794378249999999,10.0,4.9413659999999995,130.0,64.237758,2021-01-28,9.316196062500001,15.819170019621179,59.296392,Americas,Latin America and the Caribbean,Caribbean,Barbados,52.0,BRB,BB,SIDS,Barbados,BRB,17380.0,1448.3333333333333,0.46911702531645566,0.6432356314729575,1.0922326825975497
183,199,NZ,New Zealand,OCEANIA,36,10.0,NZD,0.699475,6.99475,1.75,1.22408125,40.0,27.979,2021-02-16,6.06255,9.79344957513915,26.754918749999998,Oceania,Australia and New Zealand,Australia and New Zealand,New Zealand,554.0,NZL,NZ,,New Zealand,NZL,42760.0,3563.3333333333335,0.19629794200187087,0.17013704396632365,0.2748395577681707
184,200,SY,Syria,NEAR EAST,14,3687.5,SYP,0.00194,7.1537500000000005,100.0,0.194,20000.0,38.800000000000004,2021-02-19,6.5475,4.135016557197591,38.606,Asia,Western Asia,Western Asia,Syrian Arab Republic,760.0,SYR,SY,,Syrian Arab Republic,SYR,,,,,
185,202,AD,Andorra,WESTERN EUROPE,7,6.333333333333333,EUR,1.18318,7.493473333333332,0.9,1.064862,55.0,65.0749,2021-01-26,9.535705862499999,12.583333333333332,64.010038,Europe,Southern Europe,Southern Europe,Andorra,20.0,AND,AD,,Andorra,AND,,,,,
186,203,CU,Cuba,CARIBBEAN,9,7.5,CUC,1.0,7.5,3.2,3.2,12.5,12.5,2021-02-02,13.333333333333332,,9.3,Americas,Latin America and the Caribbean,Caribbean,Cuba,192.0,CUB,CU,SIDS,Cuba,CUB,,,,,
187,205,AE,United Arab Emirates,NEAR EAST,51,28.000000000000004,AED,0.2722596,7.623268800000001,2.9295,0.7975844982,126.0,34.304709599999995,2021-01-27,3.781322222222222,10.227821878002647,33.50712510179999,Asia,Western Asia,Western Asia,United Arab Emirates,784.0,ARE,AE,,United Arab Emirates,ARE,43470.0,3622.5,0.21044220289855076,0.10438432635534083,0.2823415287233305
188,206,NR,Nauru,OCEANIA,1,10.0,AUD,0.762475,7.624750000000001,10.0,7.624750000000001,10.0,7.624750000000001,2021-02-25,30.47382766666667,28.12769443111111,0.0,Oceania,Micronesia,Micronesia,Nauru,520.0,NRU,NR,SIDS,Nauru,NRU,14230.0,1185.8333333333333,0.6429866479269151,2.56982383696416,2.3719770426797844
189,207,SB,Solomon Islands,OCEANIA,22,62.35294117647059,SBD,0.1255,7.825294117647059,25.0,3.1375,100.0,12.55,2021-02-18,8.53015873015873,8.367097866121837,9.412500000000001,Oceania,Melanesia,Melanesia,Solomon Islands,90.0,SLB,SB,LDC SIDS,Solomon Islands,SLB,2390.0,199.16666666666666,3.9290179670194436,4.282924885435346,4.201053321902178
190,208,FM,Micronesia (Federated States of),OCEANIA,7,6.633333333333334,EUR,1.18318,7.848427333333333,0.8333333333333334,0.9859833333333333,50.0,59.15899999999999,2021-02-04,7.197100333333333,12.866666666666665,58.17301666666666,Oceania,Micronesia,Micronesia,Micronesia (Federated States of),583.0,FSM,FM,SIDS,"Micronesia, Fed. Sts.",FSM,,,,,
191,209,TC,Turks and Caicos Islands,CARIBBEAN,15,8.0,USD,1.0,8.0,5.0,5.0,23.0,23.0,2021-02-19,13.333333333333332,23.091220390720387,18.0,Americas,Latin America and the Caribbean,Caribbean,Turks and Caicos Islands,796.0,TCA,TC,,Turks and Caicos Islands,TCA,,,,,
192,210,CZ,Czech Republic,EASTERN EUROPE,34,180.79166666666669,CZK,0.045065,8.147376458333335,20.816666666666666,0.9381030833333334,800.0,36.052,2021-02-02,7.949556853333334,32.71303672869444,35.11389691666667,Europe,Eastern Europe,Eastern Europe,Czechia,203.0,CZE,CZ,,Czech Republic,CZE,21940.0,1828.3333333333333,0.4456176731996355,0.43479800474020064,1.7892271683880276
193,211,GR,Greece,WESTERN EUROPE,22,6.9,EUR,1.18318,8.163942,0.9,1.064862,649.8333333333334,768.8698033333333,2021-02-08,12.063280483333333,4.909424217307386,767.8049413333333,Europe,Southern Europe,Southern Europe,Greece,300.0,GRC,GR,,Greece,GRC,19750.0,1645.8333333333333,0.4960369822784811,0.7329588141772152,0.29829412965918295
194,212,SC,Seychelles,SUB-SAHARAN AFRICA,21,182.861328125,SCR,0.04723425,8.637317687988281,49.95,2.3593507875,480.0,22.672439999999998,2021-02-18,11.425090993333335,19.546083813880163,20.3130892125,Africa,Sub-Saharan Africa,Eastern Africa,Seychelles,690.0,SYC,SC,SIDS,Seychelles,SYC,16900.0,1408.3333333333333,0.6133006642358543,0.8112490646153847,1.3878876080861655
195,213,CY,Cyprus,NEAR EAST,22,7.4725,EUR,1.18318,8.84131255,1.7449999999999999,2.0646490999999996,49.949999999999996,59.09984099999999,2021-02-02,13.556950049999998,20.248562646811525,57.035191899999994,Asia,Western Asia,Western Asia,Cyprus,196.0,CYP,CY,,Cyprus,CYP,27710.0,2309.1666666666665,0.3828789267412487,0.5870927484662576,0.876877487411542
196,214,CF,Central African Republic,SUB-SAHARAN AFRICA,13,5000.0,XOF,0.001806246,9.03123,1666.6666666666667,3.0104100000000003,33333.333333333336,60.208200000000005,2021-02-01,8.24757,6.03225,57.197790000000005,Africa,Sub-Saharan Africa,Middle Africa,Central African Republic,140.0,CAF,CF,LDC LLDC,Central African Republic,CAF,520.0,43.333333333333336,20.8413,19.032853846153845,13.920576923076924
197,215,VG,Virgin Islands (British),CARIBBEAN,32,9.541666666666668,USD,1.0,9.541666666666668,3.38,3.38,29.900000000000002,29.900000000000002,2021-02-24,12.5,18.55054988662131,26.520000000000003,Americas,Latin America and the Caribbean,Caribbean,British Virgin Islands,92.0,VGB,VG,SIDS,British Virgin Islands,VGB,,,,,
198,216,KI,Kiribati,OCEANIA,28,13.035714285714285,AUD,0.762475,9.93940625,3.076923076923077,2.3460769230769234,30.0,22.87425,2021-02-10,10.495225,11.04814952222149,20.528173076923075,Oceania,Micronesia,Micronesia,Kiribati,296.0,KIR,KI,LDC SIDS,Kiribati,KIR,3350.0,279.1666666666667,3.5603843283582086,3.759483582089552,3.9575460975121755
199,218,KY,Cayman Islands,CARIBBEAN,17,9.995,KYD,1.197161,11.965624194999998,4.0,4.788644,34.65,41.48162865,2021-02-10,23.04781971428571,26.786708177254585,36.69298465,Americas,Latin America and the Caribbean,Caribbean,Cayman Islands,136.0,CYM,KY,,Cayman Islands,CYM,,,,,
200,220,YE,Yemen,NEAR EAST,17,4000.0,YER,0.003994427,15.977708,100.0,0.3994427,10000.0,39.94427,2021-02-25,15.977696,15.72559923715194,39.5448273,Asia,Western Asia,Western Asia,Yemen,887.0,YEM,YE,LDC,"Yemen, Rep.",YEM,,,,,
201,221,BM,Bermuda,NORTHERN AMERICA,21,19.8,BMD,1.0,19.8,4.166666666666667,4.166666666666667,100.0,100.0,2021-01-29,28.75,37.735720025000006,95.83333333333333,Americas,Northern America,Northern America,Bermuda,60.0,BMU,BM,,Bermuda,BMU,117730.0,9810.833333333334,0.20181771850845154,0.29304340439989807,0.3846331778646055
202,223,TM,Turkmenistan,CIS (FORMER USSR),4,75.0,TMT,0.2854215,21.4066125,25.0,7.1355375,106.66666666666667,30.444960000000002,2021-02-22,11.437908,19.81225,23.309422500000004,Asia,Central Asia,Central Asia,Turkmenistan,795.0,TKM,TM,LLDC,Turkmenistan,TKM,,,,,
203,224,,Namibia,SUB-SAHARAN AFRICA,33,330.55555555555554,NAD,0.067658998,22.36505767222222,17.666666666666668,1.1953089646666668,1065.0,72.05683287,2021-02-15,4.78184531435,11.016568131112015,70.86152390533333,Africa,Sub-Saharan Africa,Southern Africa,Namibia,516.0,NAM,,,Namibia,NAM,5060.0,421.6666666666667,5.3039662463768105,1.1340344619011857,2.6126248532281457
204,225,TD,Chad,SUB-SAHARAN AFRICA,15,2500.0,XAF,0.001806246,23.33,1222.2222222222222,2.207634,25000.0,45.156150000000004,2021-02-19,23.33,23.33,42.948516000000005,Africa,Sub-Saharan Africa,Middle Africa,Chad,148.0,TCD,TD,LDC LLDC,Chad,TCD,700.0,58.333333333333336,39.99428571428571,39.99428571428571,39.99428571428571
205,226,MW,Malawi,SUB-SAHARAN AFRICA,5,20000.0,MWK,0.001273197,25.46394,16000.0,20.371152,20000.0,25.46394,2021-02-12,27.40616,3.5902088458994714,5.092788000000002,Africa,Sub-Saharan Africa,Eastern Africa,Malawi,454.0,MWI,MW,LDC LLDC,Malawi,MWI,380.0,31.666666666666668,80.41244210526315,86.54576842105263,11.33750161862991
206,227,ST,São Tomé and Príncipe,SUB-SAHARAN AFRICA,16,70.0,STN,0.44237,30.965899999999998,30.0,13.271099999999999,275.0,121.65174999999999,2021-02-19,28.262527777777777,5.330558563074352,108.38064999999999,Africa,Sub-Saharan Africa,Middle Africa,Sao Tome and Principe,678.0,STP,ST,LDC SIDS,Sao Tome and Principe,STP,1930.0,160.83333333333334,19.253409326424865,17.572556131260793,3.314336930408924
207,230,GQ,Equatorial Guinea,SUB-SAHARAN AFRICA,4,27500.0,XAF,0.001806246,49.671765,25000.0,45.156150000000004,35000.0,63.218610000000005,2021-02-25,12.7837335,47.391666666666666,18.06246,Africa,Sub-Saharan Africa,Middle Africa,Equatorial Guinea,226.0,GNQ,GQ,,Equatorial Guinea,GNQ,6460.0,538.3333333333334,9.226953250773994,2.3746873374613,8.803405572755416
